Title,URL,Date
Web Scraping Explained - WebHarvy,https://www.webharvy.com/articles/what-is-web-scraping.html,"Jan 13, 2017"
What is DATA SCRAPING? What does DATA SCRAPING ...,https://www.youtube.com/watch?v=omTtMylcWOI,"Sep 21, 2017 - Uploaded by The Audiopedia"
Web Scraping Tutorial - How to Scrape Modern Websites for ...,https://www.youtube.com/watch?v=vsmxMLmroyQ,"Mar 10, 2017 - Uploaded by Fullstack Academy"
Web Scraping Tool to Extract Data from Websites - Agenty,https://www.agenty.com/products/scraping-agent/,"Oct 30, 2019 - Uploaded by Agenty"
5 Best Web Scraping Tools in 2019! - YouTube,https://www.youtube.com/watch?v=QbkXCkcmHJI,"Apr 8, 2019 - Uploaded by Octoparse"
What is Web Scraping and What is it Used For? | ParseHub,https://www.parsehub.com/blog/what-is-web-scraping/,"Aug 6, 2019 - Uploaded by ParseHub"
"Data Scraping from websites into Excel | Web Scraping, Lead ...",https://www.youtube.com/watch?v=YQbe20G0ZSM,"Jan 5, 2018 - Uploaded by Digital Marketing"
Automate Web Data Extraction and Data Scraping ...,https://www.helpsystems.com/product-lines/automate/data-scraping-extraction,"Dec 8, 2016"
How To Scrape Web Data – The Basics (Webinar) - Mozenda,https://www.mozenda.com/webinar-video-scrape-web-data-basics/,"Feb 15, 2018 - Uploaded by MozendaSupport"
Web scraping in Python (Part 1): Getting started - YouTube,https://www.youtube.com/watch?v=r_xb0vF1uMc,"Aug 11, 2017 - Uploaded by Data School"
Data Scraping and Mining From Websites Free No Coding ...,https://www.youtube.com/watch?v=CKRjXZSgg-g,"Feb 20, 2017 - Uploaded by Just2 Techno"
QVC Can't Stop Web Scraping - Forbes,https://www.forbes.com/sites/ericgoldman/2015/03/24/qvc-cant-stop-web-scraping/,"Mar 24, 2015"
What is WEB SCRAPING? What does WEB SCRAPING mean ...,https://www.youtube.com/watch?v=7IUfRVYew-o,"Jan 19, 2017 - Uploaded by The Audiopedia"
Automate Web Data Scraping | HelpSystems,https://www.helpsystems.com/blog/automate-data-web-scraping,"Apr 3, 2017"
Web Scraping in seconds! - Listly,https://www.listly.io/en,"Dec 5, 2018 - Uploaded by Listly Hello"
Web Scraping Tutorial - How to Seed your Database with Web ...,https://www.youtube.com/watch?v=_opDs6UPDyo,"Mar 9, 2017 - Uploaded by Fullstack Academy"
What is Data Scraping | Scraping Data From the Web ...,https://teamtreehouse.com/library/what-is-data-scraping,"Aug 23, 2018"
PDF Data Scraping - YouTube,https://www.youtube.com/watch?v=SC1kZivH_Sg,"Oct 9, 2018 - Uploaded by Team PDFix"
Intro to Web Scraping with Python and Beautiful Soup - YouTube,https://www.youtube.com/watch?v=XQgXKtPSzUI,"Jan 6, 2017 - Uploaded by Data Science Dojo"
Sources of Data - Web Scraping Example 2 - YouTube,https://www.youtube.com/watch?v=woQ4y4jlRjk,"Aug 8, 2016 - Uploaded by Udacity"
Web scraping with a list of URLs - YouTube,https://www.youtube.com/watch?v=BuxBLXmH2H4,"May 21, 2018 - Uploaded by Octoparse"
Free Web Scraping Tool | Octoparse 7.X - YouTube,https://www.youtube.com/watch?v=G2f4d9h-i18,"May 21, 2018 - Uploaded by Octoparse"
YouTube Data Scraping | Web Scraper | Web Scraping using ...,https://www.youtube.com/watch?v=Ee7QHYOgKsM,"Apr 7, 2018 - Uploaded by Digital Marketing"
Extract Data from any Website using Data Scraper - Easy Web ...,https://www.youtube.com/watch?v=B7yyemwCf7g,"Nov 10, 2017 - Uploaded by ITfriend"
How to scrape Amazon with Instant Data Scraper - YouTube,https://www.youtube.com/watch?v=as9jMBf5zlM,"May 25, 2017 - Uploaded by Web Robots"
Data Extraction - Web Scraping Tool & Free Web Crawlers ...,https://www.octoparse.com/DataExtraction,"Nov 13, 2017 - Uploaded by Octoparse"
Web Scraper | web scraper tutorial | Data Scraper - YouTube,https://www.youtube.com/watch?v=ZdOrH50WqEo,"Nov 14, 2017 - Uploaded by Digital Marketing"
Web Scraping vs API - Web Data Extraction - Grepsr,https://www.grepsr.com/web-scraping-vs-api/,"Dec 12, 2013 - Uploaded by grepsr"
Web Scraping & Data Extraction Services - Mozenda,https://www.mozenda.com/services/,"Mar 1, 2019"
6 Misunderstandings About Web Scraping - Scraping Authority,http://scrapingauthority.com/web-scraping-misunderstandings,"Nov 26, 2017 - Uploaded by Scraping Authority"
Scrape Web Data with Google Chrome - YouTube,https://www.youtube.com/watch?v=Z2iO5kaavwM,"Jun 29, 2018 - Uploaded by Dinesh Kumar Takyar"
How To Scrape Web Data- The Basics (Webinar) - YouTube,https://www.youtube.com/watch?v=d5LVB17Ti4E,"Feb 15, 2018 - Uploaded by MozendaSupport"
Automated data scraping from websites into Excel - YouTube,https://www.youtube.com/watch?v=qbOdUaf4yfI,"Nov 3, 2012 - Uploaded by Dinesh Kumar Takyar"
Data Scraping - MIT Sloan Analytics Conference,http://www.sloansportsconference.com/content/data-scraping/,"Feb 28, 2017 - Uploaded by 42 Analytics"
Price Scraping And Product Data Scraping Are Rampant ...,https://resources.distilnetworks.com/all-blog-posts/price-scraping,"Aug 28, 2017 - Uploaded by Distil Networks"
Data Scraping - YouTube,https://www.youtube.com/watch?v=OWW1QZUFH8A,"Oct 9, 2018 - Uploaded by ACTEC"
How to Scrape Data from a Website on to Excel | ParseHub,https://www.parsehub.com/blog/web-scraping-excel-sheet/,"Aug 19, 2019 - Uploaded by ParseHub"
Data scraping from single pages | Octoparse,https://www.octoparse.com/tutorial/single-page-web-scraping-octoparse,"Mar 14, 2016 - Uploaded by Octoparse"
Grepsr Concierge | Web Data Scraping Services | Grepsr,https://www.grepsr.com/services/,"Mar 21, 2017 - Uploaded by grepsr"
Source Top Talent with HR & Recruitment data through Web ...,https://scrapinghub.com/recruitment-jobs-data,"Nov 1, 2019"
AI-Powered Website Scraper Tool & Web Data Scraping ...,https://www.scrapestorm.com/?type=product,"Jan 25, 2019 - Uploaded by ScrapeStorm Tutorial"
Linkedin Data Scraping | Extract Information from LinkedIn ...,https://www.youtube.com/watch?v=beLHp7QlJmQ,"Mar 20, 2019 - Uploaded by Digital Marketing"
PDF Data Scraping - PDFix.net | Making the PDF World ...,https://pdfix.net/features/pdf-data-scraping/,"Jul 24, 2018 - Uploaded by Team PDFix"
Scraping a List of Keywords - YouTube,https://www.youtube.com/watch?v=0y3Pr8Bpcfg,"May 21, 2018 - Uploaded by Octoparse"
Web Data Extraction Automation - UiPath,https://www.uipath.com/developers/video-tutorials/web-data-extraction-automation,"Oct 6, 2014 - Uploaded by UiPath"
PyVideo.org · Introduction to Web (and data!) Scraping with ...,https://pyvideo.org/pycon-us-2014/introduction-to-web-and-data-scraping-with-pyt.html,"Apr 12, 2014 - Uploaded by PyCon 2014"
How to scrape Historical Twitter Data using Web Scraper and ...,https://www.scrapehero.com/how-to-scrape-historical-search-data-from-twitter/,"Oct 24, 2018 - Uploaded by ScrapeHero"
Smart Lead Generation through Web Data Extraction with ...,https://scrapinghub.com/lead-generation-data,"Oct 31, 2019"
4 Important Questions when Scoping your Web Scraping Project,https://www.grepsr.com/4-important-questions-when-scoping-your-web-scraping-project-a5b74d01d260/,"Nov 21, 2017 - Uploaded by grepsr"
Data Scraping Studio - Point and click screen scraping tool ...,https://www.producthunt.com/posts/data-scraping-studio,"Jan 18, 2016"
Top 10 Best Web Scraping Tools for Data Extraction in 2019,https://www.scrapestorm.com/tutorial/top-10-best-web-scraping-tools-in-2019-reviews-comparison/,"Dec 25, 2019 - Uploaded by ScrapeStorm Tutorial"
Practical Introduction to Web Scraping in R | R-bloggers,https://www.r-bloggers.com/practical-introduction-to-web-scraping-in-r/,"Apr 10, 2019 - Uploaded by Rsquared Academy"
Data scraping from URLs in web pages | Octoparse,https://www.octoparse.com/tutorial/urls-introduction,"Mar 9, 2016 - Uploaded by Octoparse"
Web Scraping Python Tutorial - Web Scraping using Python ...,https://intellipaat.com/blog/tutorial/python-tutorial/python-web-scraping-tutorial/,"Dec 4, 2019 - Uploaded by Intellipaat"
Data scraping from details of Lists/tables in web pages ...,https://www.octoparse.com/tutorial/list-detail-page-introduction,"Mar 9, 2016 - Uploaded by Octoparse"
About Scrapinghub - The World's Leading Web Scraping ...,https://scrapinghub.com/about,"Nov 21, 2018"
Stock Market Analysis using Web Scraping in 2019 | Octoparse,https://www.octoparse.com/blog/stock-market-analysis-using-web-scraping,"Sep 29, 2019 - Uploaded by Octoparse"
How to Scrape Video Information from YouTube - ScrapeStorm,https://www.scrapestorm.com/tutorial/how-to-scrape-video-information-from-youtube/,"Jun 25, 2019 - Uploaded by ScrapeStorm Tutorial"
Screen Scraping Any Desktop Application - UiPath,https://www.uipath.com/developers/video-tutorials/screen-scraping-desktop-application,"Sep 4, 2019 - Uploaded by UiPath"
YouTube Scraper - How to Scrape YouTube Video Information ...,https://www.scrapestorm.com/tutorial/how-to-scrape-youtube-video-information/,"Nov 1, 2019 - Uploaded by ScrapeStorm Tutorial"
LinkedIn Scraper | LinkedIn Data Extractor Software Tool,https://scrapingexpert.com/linkedin-scraper/,"Aug 8, 2014"
Web scraping services - turn websites into spreadsheets ...,https://www.teoalida.com/database/webscraping/,"Jan 8, 2019 - Uploaded by Teoalida"
Scraping Web Data Up To 500% Faster Just Got Easier,https://www.mozenda.com/scrape-web-data-faster-with-job-sequencer-request-blocker-and-java-script-action/,"Nov 6, 2017 - Uploaded by MozendaSupport"
Grepsr for Chrome | The Best Web Scraping Tool Since Kimono,https://www.grepsr.com/chrome-extension/,"Jun 9, 2016"
Simple Data Scraping with a Windows VM (on Mac ... - Medium,https://medium.com/@realtoughcandy/simple-data-scraping-with-a-windows-vm-on-mac-mozenda-web-scraper-4933b56277f0,"Mar 23, 2019 - Uploaded by RealToughCandy"
How to scrape product data from Amazon - Amazon scraper ...,https://www.scrapestorm.com/tutorial/how-to-scrape-product-data-from-amazon/,"Apr 19, 2019 - Uploaded by ScrapeStorm Tutorial"
Web Scraping | No coding. No custom scripts. No hardware ...,https://www.import.io/web-scraping/,"Jun 4, 2019 - Uploaded by import.io"
How SayOne implemented data scraping for an aggregator app!,https://www.sayonetech.com/blog/how-sayone-implemented-data-scraping-aggregator-app/,"Mar 1, 2017 - Uploaded by SayOne"
Creating a horse racing Tableau dashboard from data scraping,https://www.import.io/post/data-scraping-horse-racing/,"Apr 13, 2018 - Uploaded by craigsdewar"
SSAC19: Data Scraping with Python 3 - YouTube,https://www.youtube.com/watch?v=9uILyHkR4cw,"Mar 11, 2019 - Uploaded by 42 Analytics"
Get Actionable Insights from Financial Alternative Data with ...,https://scrapinghub.com/alternative-finance-data,"Nov 1, 2019"
Scrape Octoparse that Requires Login and Load Web Content ...,https://www.octoparse.com/tutorial/how-to-scrape-a-website-that-requires-login-first,"Apr 25, 2016 - Uploaded by Octoparse"
How to Scrape Product Data from eBay - eBay Scraper ...,https://www.scrapestorm.com/tutorial/how-to-scrape-product-data-from-ebay/,"Mar 1, 2019 - Uploaded by ScrapeStorm Tutorial"
How to Scrape Amazon Product Data | ParseHub,https://www.parsehub.com/blog/scrape-amazon-product-data/,"Aug 29, 2019 - Uploaded by ParseHub"
How to scrape modern websites for data | Fullstack Academy,https://www.fullstackacademy.com/tech-talks/how-to-scrape-modern-websites-for-data,"Mar 30, 2017 - Uploaded by Fullstack Academy"
The First-Ever Web Data Extraction Summit!,https://blog.scrapinghub.com/the-first-web-data-extraction-summit,"Aug 29, 2019"
How to Extract Information from LinkedIn? | Octoparse,https://www.octoparse.com/tutorial/how-to-extract-information-from-linkedin,"Apr 19, 2016 - Uploaded by Octoparse"
Scraping Best Practises - What You Have To Do Before ...,http://scrapingauthority.com/scraping-best-practises,"Jul 8, 2017 - Uploaded by Scraping Authority"
Website Scraping Use Cases from the Fortune 500 - Mozenda,https://www.mozenda.com/website-scraping-use-cases-from-the-fortune-500/,"Apr 25, 2019 - Uploaded by MozendaSupport"
How to Scrape Article Data from Medium - Medium Scraper ...,https://www.scrapestorm.com/tutorial/how-to-scrape-article-data-from-medium/,"Mar 7, 2019 - Uploaded by ScrapeStorm Tutorial"
Video Tutorial: Scrape Ratings and Reviews from a Website ...,https://help.parsehub.com/hc/en-us/articles/360003444254-Video-Tutorial-Scrape-Ratings-and-Reviews-from-a-Website,"Apr 24, 2018 - Uploaded by ParseHub"
How To Extract Linkedin Emails and Do Personal Data ...,https://www.youtube.com/watch?v=IRCkFTifk58,"Jun 29, 2019 - Uploaded by Chase Reiner Marketing"
Automate Your Internal Business Processes with Scrapinghub,https://scrapinghub.com/business-automation-solution,"Dec 4, 2019"
Data Scraping Use Cases From The Fortune 500 - Mozenda,https://www.mozenda.com/use-cases/,"Sep 28, 2018"
Citrix Automation. OCR Data Extraction - UiPath,https://www.uipath.com/developers/video-tutorials/citrix-automation-ocr-data-extraction,"Sep 18, 2014 - Uploaded by UiPath"
Fast Web Scraping With ReactPHP · @zhukserega,http://sergeyzhuk.me/2018/02/12/fast-webscraping-with-reactphp/,"Feb 12, 2018 - Uploaded by Sergey Zhuk"
Scraping Business Directories - Data Miner,https://data-miner.io/quick-guides/persona-business,"Feb 12, 2019 - Uploaded by Data Miner"
Scraping the web for price comparison data (Mozenda),https://medium.com/@realtoughcandy/scraping-the-web-for-price-comparison-data-mozenda-7beb15b97cd6,"Sep 11, 2018 - Uploaded by RealToughCandy"
How to Generate Sales Leads Using Web Scraping | Octoparse,https://www.octoparse.com/blog/lead-generation-with-web-scraping,"Sep 27, 2019 - Uploaded by Octoparse"
How Your Business Can Leverage Web Scraping - Scraping ...,http://scrapingauthority.com/business-can-leverage-web-scraping/,"Nov 14, 2017 - Uploaded by Scraping Authority"
Scraping Contact Info - Data Miner,https://data-miner.io/quick-guides/persona-contact-info,"Feb 11, 2019 - Uploaded by Data Miner"
How to Scrape Restaurant Data from Yelp - Yelp Scraper ...,https://www.scrapestorm.com/tutorial/how-to-scrape-restaurant-details-from-yelp/,"Jun 25, 2019 - Uploaded by ScrapeStorm Tutorial"
Video Tutorial: Scraping 2 eCommerce Websites in 1 Project ...,https://help.parsehub.com/hc/en-us/articles/360006724573-Video-Tutorial-Scraping-2-eCommerce-Websites-in-1-Project,"Jul 6, 2018 - Uploaded by ParseHub"
How to Scrape Posts from Facebook- Facebook Scraper ...,https://www.scrapestorm.com/tutorial/how-to-scrape-posts-from-facebook/,"Apr 3, 2019 - Uploaded by ScrapeStorm Tutorial"
Video-Extract data using a list of URLs – Web Scraping Tool ...,https://helpcenter.octoparse.com/hc/en-us/articles/360018327751-Video-Extract-data-using-a-list-of-URLs-,"Nov 22, 2018 - Uploaded by Octoparse"
Web Scraping Data - ISO FileMaker Magazine,https://www.filemakermagazine.com/videos/web-scraping-data,"Sep 1, 2017"
Spider Free - Turn websites into organized data without code ...,https://www.producthunt.com/posts/spider-free,"Apr 11, 2019 - Uploaded by Amie Chen"
Practical Introduction to Web Scraping in R - Rsquared ...,https://blog.rsquaredacademy.com/web-scraping/,"Apr 11, 2019 - Uploaded by Rsquared Academy"
Data Scraping Services | F6S,https://www.f6s.com/datascrapingservices,"Jan 7, 2017"
Web Scraper Software & Tools - Mozenda,https://www.mozenda.com/software/,"Nov 19, 2013"
